{"cameraMode":{"drawMode":0,"name":"Shaded","section":"Shading Mode"},"sceneLighting":false,"audioPlay":false,"sceneViewState":{"m_AlwaysRefresh":false,"showFog":true,"showSkybox":false,"showFlares":true,"showImageEffects":true,"showParticleSystems":true,"showVisualEffectGraphs":true,"m_FxEnabled":true},"in2DMode":false,"pivot":{"x":0.0017941594123840333,"y":0.5690679550170898,"z":0.44966673851013186},"rotation":{"x":-0.33089902997016909,"y":0.3491175174713135,"z":-0.13344022631645204,"w":-0.8665555715560913},"size":1.5698307752609254,"orthographic":false}