{"cameraMode":{"drawMode":0,"name":"Shaded","section":"Shading Mode"},"sceneLighting":false,"audioPlay":false,"sceneViewState":{"m_AlwaysRefresh":false,"showFog":true,"showSkybox":false,"showFlares":true,"showImageEffects":true,"showParticleSystems":true,"showVisualEffectGraphs":true,"m_FxEnabled":true},"in2DMode":false,"pivot":{"x":-1.2293825149536133,"y":0.7918315529823303,"z":0.30887582898139956},"rotation":{"x":-0.11230071634054184,"y":-0.6973221898078919,"z":0.11204524338245392,"w":-0.6989759206771851},"size":0.13796348869800569,"orthographic":false}