{"cameraMode":{"drawMode":0,"name":"Shaded","section":"Shading Mode"},"sceneLighting":false,"audioPlay":false,"sceneViewState":{"m_AlwaysRefresh":false,"showFog":true,"showSkybox":false,"showFlares":true,"showImageEffects":true,"showParticleSystems":true,"showVisualEffectGraphs":true,"m_FxEnabled":true},"in2DMode":false,"pivot":{"x":0.9832266569137573,"y":1.7764912843704224,"z":2.3501665592193605},"rotation":{"x":-0.020420482382178308,"y":0.9706413745880127,"z":-0.2224726527929306,"w":-0.08907314389944077},"size":0.13796348869800569,"orthographic":false}