{"cameraMode":{"drawMode":0,"name":"Shaded","section":"Shading Mode"},"sceneLighting":false,"audioPlay":false,"sceneViewState":{"m_AlwaysRefresh":false,"showFog":true,"showSkybox":false,"showFlares":true,"showImageEffects":true,"showParticleSystems":true,"showVisualEffectGraphs":true,"m_FxEnabled":true},"in2DMode":false,"pivot":{"x":0.9471816420555115,"y":-0.21232032775878907,"z":2.3339743614196779},"rotation":{"x":-0.005585281644016504,"y":0.988937497138977,"z":0.1430860161781311,"w":0.03857569769024849},"size":0.5244044065475464,"orthographic":false}