{"cameraMode":{"drawMode":0,"name":"Shaded","section":"Shading Mode"},"sceneLighting":false,"audioPlay":false,"sceneViewState":{"m_AlwaysRefresh":false,"showFog":true,"showSkybox":false,"showFlares":true,"showImageEffects":true,"showParticleSystems":true,"showVisualEffectGraphs":true,"m_FxEnabled":true},"in2DMode":false,"pivot":{"x":0.03685363754630089,"y":2.140998125076294,"z":-2.826353073120117},"rotation":{"x":-0.2972353398799896,"y":0.008866837248206139,"z":-0.002753808395937085,"w":-0.9547545909881592},"size":0.13796348869800569,"orthographic":false}