{"cameraMode":{"drawMode":0,"name":"Shaded","section":"Shading Mode"},"sceneLighting":false,"audioPlay":false,"sceneViewState":{"m_AlwaysRefresh":false,"showFog":true,"showSkybox":false,"showFlares":true,"showImageEffects":true,"showParticleSystems":true,"showVisualEffectGraphs":true,"m_FxEnabled":true},"in2DMode":false,"pivot":{"x":-1.5907522439956666,"y":0.6593710780143738,"z":1.0744283199310303},"rotation":{"x":-0.03211027756333351,"y":0.7870814800262451,"z":0.041112177073955539,"w":0.61463463306427},"size":0.6442049741744995,"orthographic":false}