{"cameraMode":{"drawMode":0,"name":"Shaded","section":"Shading Mode"},"sceneLighting":false,"audioPlay":false,"sceneViewState":{"m_AlwaysRefresh":false,"showFog":true,"showSkybox":false,"showFlares":true,"showImageEffects":true,"showParticleSystems":true,"showVisualEffectGraphs":true,"m_FxEnabled":true},"in2DMode":false,"pivot":{"x":5.335010528564453,"y":1.8462425470352173,"z":6.374258518218994},"rotation":{"x":-0.0039162603206932549,"y":0.9910122156143189,"z":-0.13037997484207154,"w":-0.0297513697296381},"size":2.170764446258545,"orthographic":false}