{"cameraMode":{"drawMode":0,"name":"Shaded","section":"Shading Mode"},"sceneLighting":true,"audioPlay":false,"sceneViewState":{"m_AlwaysRefresh":false,"showFog":true,"showSkybox":true,"showFlares":true,"showImageEffects":true,"showParticleSystems":true,"showVisualEffectGraphs":true,"m_FxEnabled":true},"in2DMode":false,"pivot":{"x":-11.451203346252442,"y":-16.683258056640626,"z":0.7179870009422302},"rotation":{"x":-0.4008094370365143,"y":0.48798397183418276,"z":-0.26995185017585757,"w":-0.7269775867462158},"size":16.707067489624025,"orthographic":false}