{"cameraMode":{"drawMode":0,"name":"Shaded","section":"Shading Mode"},"sceneLighting":true,"audioPlay":false,"sceneViewState":{"m_AlwaysRefresh":false,"showFog":true,"showSkybox":true,"showFlares":true,"showImageEffects":true,"showParticleSystems":true,"showVisualEffectGraphs":true,"m_FxEnabled":true},"in2DMode":false,"pivot":{"x":1.9931533336639405,"y":-1.0172230005264283,"z":-10.892876625061036},"rotation":{"x":-0.0011283042840659619,"y":-0.9973219633102417,"z":0.07224269956350327,"w":-0.014594495296478272},"size":8.174531936645508,"orthographic":false}