{"cameraMode":{"drawMode":0,"name":"Shaded","section":"Shading Mode"},"sceneLighting":false,"audioPlay":false,"sceneViewState":{"m_AlwaysRefresh":false,"showFog":true,"showSkybox":false,"showFlares":true,"showImageEffects":true,"showParticleSystems":true,"showVisualEffectGraphs":true,"m_FxEnabled":true},"in2DMode":false,"pivot":{"x":1.1920928955078126e-7,"y":0.4259331226348877,"z":0.347784161567688},"rotation":{"x":-0.33089902997016909,"y":0.3491175174713135,"z":-0.13344022631645204,"w":-0.8665555715560913},"size":2.5073094367980959,"orthographic":false}