{"cameraMode":{"drawMode":0,"name":"Shaded","section":"Shading Mode"},"sceneLighting":false,"audioPlay":false,"sceneViewState":{"m_AlwaysRefresh":false,"showFog":true,"showSkybox":false,"showFlares":true,"showImageEffects":true,"showParticleSystems":true,"showVisualEffectGraphs":true,"m_FxEnabled":true},"in2DMode":false,"pivot":{"x":1.4764785766601563,"y":1.5925500392913819,"z":-1.1222541332244874},"rotation":{"x":-0.011004993692040444,"y":0.7554333806037903,"z":-0.012707876041531563,"w":-0.6550228595733643},"size":2.9362940788269045,"orthographic":false}