{"cameraMode":{"drawMode":0,"name":"Shaded","section":"Shading Mode"},"sceneLighting":false,"audioPlay":false,"sceneViewState":{"m_AlwaysRefresh":false,"showFog":true,"showSkybox":false,"showFlares":true,"showImageEffects":true,"showParticleSystems":true,"showVisualEffectGraphs":true,"m_FxEnabled":true},"in2DMode":false,"pivot":{"x":0.12331604957580567,"y":0.5429642200469971,"z":-0.05000564455986023},"rotation":{"x":-0.03833496943116188,"y":0.7252076268196106,"z":-0.040523700416088107,"w":-0.6862830519676209},"size":0.7399324178695679,"orthographic":false}