{"cameraMode":{"drawMode":0,"name":"Shaded","section":"Shading Mode"},"sceneLighting":false,"audioPlay":false,"sceneViewState":{"m_AlwaysRefresh":false,"showFog":true,"showSkybox":false,"showFlares":true,"showImageEffects":true,"showParticleSystems":true,"showVisualEffectGraphs":true,"m_FxEnabled":true},"in2DMode":false,"pivot":{"x":0.8647136688232422,"y":0.0003362894058227539,"z":-1.1342211961746216},"rotation":{"x":-0.00825339462608099,"y":0.9896474480628967,"z":0.0636124387383461,"w":0.1283646523952484},"size":1.0598238706588746,"orthographic":false}